#"Step","Temperature (K)"
10000,313.3921286829719
20000,307.19608530796773
