#"Step","Temperature (K)"
10000,313.3921286829719
20000,307.19608530796773
30000,312.85684890323665
40000,309.1927535204286
50000,315.2047676963562
60000,310.0735737267826
70000,307.68923047041795
80000,311.8278776537094
90000,310.52198307573724
